res_i,res_j,diapc,dmin_inter,dmin_intra,seqsep
42,165,0.001942,7.6108694,51.39251,123
44,351,0.001587,7.6952953,54.678253,307
45,351,0.001246,4.356235,55.771946,306
41,172,0.00103,3.3186789,50.108677,131
43,171,0.000898,6.7713,56.379417,128
40,166,0.000726,7.0303555,52.309563,126
44,169,0.000477,5.37976,58.701405,125
42,143,0.000427,7.9826155,48.73251,101
61,169,0.000277,6.8362055,45.041824,108
52,169,7.3e-05,7.466124,42.666824,117
41,167,1.6e-05,7.386558,58.00285,126
43,143,-9e-06,4.313634,50.95331,100
40,284,-1.4e-05,7.60989,48.877583,244
42,170,-2.9e-05,5.17963,52.942364,128
41,374,-0.00011,6.9664087,44.524063,333
43,355,-0.00014,7.072544,50.845078,312
42,355,-0.000146,7.122886,48.36133,313
41,170,-0.000151,3.1947803,51.78957,129
40,173,-0.000157,4.2153797,48.437496,133
65,169,-0.00016,6.1336374,44.34517,104
45,168,-0.000383,6.1586747,59.952847,123
40,170,-0.000386,3.7204196,48.420406,130
40,169,-0.000421,3.973259,51.668663,129
39,169,-0.000495,6.057849,48.129795,130
53,169,-0.000526,4.4331174,40.05113,116
42,167,-0.000605,6.6308208,58.950947,125
43,139,-0.00062,4.037084,49.089947,96
64,169,-0.000658,3.905942,48.041245,105
40,171,-0.00066,4.0410414,48.545547,131
43,133,-0.000668,6.455584,43.513313,90
41,375,-0.000755,3.1064157,44.580833,334
41,165,-0.000779,7.067093,50.30487,124
44,149,-0.000828,6.642802,58.144054,105
40,172,-0.000861,5.052584,46.64733,132
41,166,-0.000865,6.9405546,55.734257,125
43,167,-0.00087,7.1101274,61.456,124
45,139,-0.000984,6.741245,50.877834,94
44,165,-0.001042,5.0912886,53.793556,121
43,346,-0.001044,6.4282537,49.312172,303
45,133,-0.001045,6.487245,44.039913,88
44,167,-0.001048,5.679914,61.03107,123
44,170,-0.001065,6.368765,55.67081,126
51,169,-0.001071,6.29831,45.65669,118
42,133,-0.001127,7.870602,41.00088,91
43,148,-0.001136,7.476809,58.244785,105
41,171,-0.001147,5.841992,52.021133,130
40,286,-0.001148,3.6274486,56.27429,246
44,145,-0.001227,7.056518,50.873653,101
43,165,-0.001287,4.0574207,53.96902,122
44,148,-0.001354,4.7082853,57.697052,104
45,147,-0.001359,7.9938107,57.066975,102
42,168,-0.001361,3.6345356,55.925423,126
40,168,-0.001378,7.588848,51.762802,128
43,170,-0.001407,3.7094445,55.693115,127
43,172,-0.00143,6.791279,54.640095,129
44,146,-0.001434,6.5293536,53.281513,102
42,169,-0.001451,3.5825748,56.147457,127
40,270,-0.001458,7.6184998,37.265392,230
43,166,-0.001485,7.246305,59.53701,123
44,168,-0.001496,3.2364562,58.084362,124
43,163,-0.001552,6.509516,50.106586,120
41,168,-0.001598,4.335787,55.03568,127
43,168,-0.00164,3.066368,58.51286,125
44,147,-0.001641,3.3326664,55.16196,103
43,138,-0.001744,7.8903933,46.647247,95
40,289,-0.001746,6.5077634,54.972733,249
45,148,-0.001788,6.8794904,59.512554,103
44,355,-0.001804,6.7791495,49.622192,311
40,267,-0.001861,7.459405,29.325077,227
42,166,-0.001999,7.5524254,56.941128,124
41,175,-0.002009,6.7501783,46.06111,134
40,265,-0.002047,7.1929607,34.72484,225
37,169,-0.002081,6.9091473,40.60631,132
44,144,-0.002088,6.1249137,47.665504,100
45,143,-0.002101,2.5469348,51.775475,98
44,139,-0.002115,3.971538,48.862354,95
43,136,-0.002115,7.066983,46.137917,93
44,143,-0.002162,3.3722084,50.122227,99
44,138,-0.002217,6.9108305,46.57297,94
41,169,-0.002278,3.4862084,55.03631,128
44,166,-0.002284,7.5677996,59.46783,122
45,346,-0.002312,3.564275,49.56118,301
43,169,-0.002333,4.666423,58.832207,126
42,139,-0.00237,7.793752,46.548294,97
40,268,-0.002389,4.959954,32.638508,228
43,375,-0.002425,3.8591409,48.21694,332
41,173,-0.002427,7.4400496,51.956047,132
43,140,-0.002521,7.598148,44.98647,97
43,175,-0.002597,7.8329597,50.531708,132
43,352,-0.002607,7.881266,49.196495,309
44,142,-0.002703,3.9951746,49.920994,98
45,350,-0.002712,7.3679895,54.6431,305
38,169,-0.002786,3.766604,46.942192,131
45,352,-0.002806,4.5362225,49.053143,307
43,142,-0.002907,6.7701416,50.31469,99
44,141,-0.002939,6.5849986,45.87751,97
41,164,-0.002979,7.9401093,50.297646,123
43,164,-0.003001,6.8350554,54.47418,121
40,285,-0.003023,7.2120385,51.718952,245
45,347,-0.003047,7.661826,46.381336,302
45,353,-0.003091,7.361571,50.03828,308
45,355,-0.003209,3.521598,50.887066,310
45,345,-0.003261,7.3426824,47.911457,300
44,140,-0.003412,6.277672,44.278137,96
40,269,-0.003568,6.706275,32.49281,229
44,342,-0.003634,7.9087934,45.435997,298
45,349,-0.003765,3.9965794,51.687405,304
44,345,-0.005177,7.942205,46.624996,301
44,346,-0.00577,6.7213707,48.230114,302
42,375,-0.00577,7.0703893,45.410435,333
44,349,-0.007397,7.206256,50.650703,305
44,375,-0.008962,7.9161882,47.960884,331
